<application>
  <component name="FileTypeManager" version="18">
    <extensionMap>
      <mapping pattern="pack.mcmeta" type="JSON" />
      <mapping pattern="mcmod.info" type="JSON" />
      <mapping ext="space.kts" type="Kotlin" />
      <mapping ext="gradle.kts" type="Kotlin" />
      <mapping ext="main.kts" type="Kotlin" />
      <mapping pattern=".json" type="PLAIN_TEXT" />
      <mapping ext="zs" type="PLAIN_TEXT" />
      <mapping ext="rsa" type="PLAIN_TEXT" />
      <mapping ext="prop" type="PLAIN_TEXT" />
    </extensionMap>
  </component>
</application>