<application>
  <component name="AppStorage">
    <option name="newTranslationDialogHeight" value="202" />
    <option name="newTranslationDialogWidth" value="597" />
    <option name="newTranslationDialogX" value="580" />
    <option name="newTranslationDialogY" value="390" />
    <histories>
      <item value="Overwrite methods which are not inherited from a superclass (if the target is obfuscated) must be decorated manually with aliases." />
      <item value="Determines whether failures in this mixin config are considered terminal errors. Use this setting to indicate that failing to apply a mixin in this config is a critical error and should cause the game to shutdown. Uses boxed boolean so that absent entries can be detected and assigned via parent config where specified." />
      <item value="Strip references to this interface in method declarations? (Useful to kill synthetic methods from scala f.e.)" />
      <item value="The fully qualified name of the interface to be stripped" />
      <item value="This annotation is used to define information for a soft-implemented interface. See Implements for details." />
      <item value=" * Classes annotated with this will have the named interface or method removed from the runtime definition of the class&#10; * if the modid specified is missing." />
      <item value="This annotation is used to define information for a soft-implemented interface. See Implements for" />
      <item value="Indicates that a certain class is only available when a specific mod is available." />
      <item value="Returns whether this Entity is invulnerable to the given DamageSource." />
      <item value="Draw any extra elements that might be necessary, icons or extra slots." />
      <item value="A simple class for representing seeds. Seeds are immutable objects, for safety reasons." />
      <item value="This interface is used both for you to read the AgriCraft CropPlants as well as coding your own. If you register your own ICropPlant object, it will be wrapped by the api. Meaning if you query the ICropPlant object you registered, it will return a different object." />
      <item value="Checks that the specified object reference is not null. This method is designed primarily for doing parameter validation in methods and constructors, as demonstrated below:&#10;       public Foo(Bar bar) {&#10;           this.bar = Objects.requireNonNull(bar);&#10;       }" />
      <item value="    /** The player's GameProfile properties */&#10;" />
      <item value="     * Populate the annotated field with the mod instance based on the specified ModId. This can be used&#10;     * to retrieve instances of other mods." />
      <item value="HEALING" />
      <item value="Returns whether this event is currently active" />
      <item value="/**&#10;&#9; * Activates or deactivates the event.&#10;&#9; * @param active Whether the event should be activated or deactivated&#10;&#9; */" />
      <item value="Initialize EnvironmentEvents Event" />
      <item value="Initialize Environment Events Event" />
      <item value="Initialize EnvironmentEventsEvent" />
      <item value="InitializeEnvironmentEventsEvent" />
      <item value="Activates or deactivates the event." />
      <item value="&#9; * Returns whether the event affects the specified position.&#10;&#9; * Can be used by events that should only affect certain locations, e.g.&#10;&#9; * biomes, height etc." />
      <item value="    /**&#10;     * Returns {@code true} if the provided reference is non-{@code null}&#10;     * otherwise returns {@code false}.&#10;     *&#10;     * @apiNote This method exists to be used as a&#10;     * {@link java.util.function.Predicate}, {@code filter(Objects::nonNull)}&#10;     *&#10;     * @param obj a reference to be checked against {@code null}&#10;     * @return {@code true} if the provided reference is non-{@code null}&#10;     * otherwise {@code false}&#10;     *&#10;     * @see java.util.function.Predicate&#10;     * @since 1.8&#10;     */" />
      <item value=" Deletes the file or directory denoted by this abstract pathname.  If&#10;     * this pathname denotes a directory, then the directory must be empty in&#10;     * order to be deleted." />
      <item value="     * Returns the name of the file or directory denoted by this abstract&#10;     * pathname.  This is just the last name in the pathname's name&#10;     * sequence.  If the pathname's name sequence is empty, then the empty&#10;     * string is returned." />
      <item value=" * A class to assist in the collection of data to measure the update times of ticking objects {currently Tile Entities and Entities}&#10;" />
      <item value="     * prints the ChatComponent to Chat. If the ID is not 0, deletes an existing Chat Line of that ID from the GUI&#10;" />
      <item value="设定的rarity不存在" />
      <item value="Ingredient" />
      <item value="IIngredient" />
      <item value="iIngredient" />
      <item value="是的" />
      <item value="s d " />
    </histories>
    <option name="languageScores">
      <map>
        <entry key="CHINESE" value="30" />
        <entry key="ENGLISH" value="1" />
      </map>
    </option>
  </component>
  <component name="Cache">
    <option name="lastTrimTime" value="1622187896838" />
  </component>
  <component name="Settings">
    <option name="googleTranslateSettings">
      <google-translate>
        <option name="useTranslateGoogleCom" value="true" />
      </google-translate>
    </option>
    <option name="phoneticFontFamily" value="Consolas" />
    <option name="primaryFontFamily" value="Microsoft YaHei" />
  </component>
</application>